network,algorithm,fraction_removed,k,precision,recall,top_k_rate,true_positives,false_positives,false_negatives
Caltech36,CommonNeighbors,0.05,50,0.42,0.025240384615384616,0.025240384615384616,21,29,811
Caltech36,CommonNeighbors,0.05,100,0.38,0.04567307692307692,0.04567307692307692,38,62,794
Caltech36,CommonNeighbors,0.05,200,0.305,0.0733173076923077,0.0733173076923077,61,139,771
Caltech36,CommonNeighbors,0.05,300,0.27,0.09735576923076923,0.09735576923076923,81,219,751
Caltech36,CommonNeighbors,0.05,400,0.245,0.11778846153846154,0.11778846153846154,98,302,734
Caltech36,Jaccard,0.05,50,0.26,0.015625,0.015625,13,37,819
Caltech36,Jaccard,0.05,100,0.23,0.027644230769230768,0.027644230769230768,23,77,809
Caltech36,Jaccard,0.05,200,0.235,0.056490384615384616,0.056490384615384616,47,153,785
Caltech36,Jaccard,0.05,300,0.2,0.07211538461538461,0.07211538461538461,60,240,772
Caltech36,Jaccard,0.05,400,0.2,0.09615384615384616,0.09615384615384616,80,320,752
Caltech36,Adamic/Adar,0.05,50,0.42,0.025240384615384616,0.025240384615384616,21,29,811
Caltech36,Adamic/Adar,0.05,100,0.38,0.04567307692307692,0.04567307692307692,38,62,794
Caltech36,Adamic/Adar,0.05,200,0.315,0.07572115384615384,0.07572115384615384,63,137,769
Caltech36,Adamic/Adar,0.05,300,0.27666666666666667,0.09975961538461539,0.09975961538461539,83,217,749
Caltech36,Adamic/Adar,0.05,400,0.2525,0.12139423076923077,0.12139423076923077,101,299,731
Caltech36,CommonNeighbors,0.1,50,0.62,0.018618618618618618,0.018618618618618618,31,19,1634
Caltech36,CommonNeighbors,0.1,100,0.55,0.03303303303303303,0.03303303303303303,55,45,1610
Caltech36,CommonNeighbors,0.1,200,0.455,0.054654654654654654,0.054654654654654654,91,109,1574
Caltech36,CommonNeighbors,0.1,300,0.45,0.08108108108108109,0.08108108108108109,135,165,1530
Caltech36,CommonNeighbors,0.1,400,0.415,0.0996996996996997,0.0996996996996997,166,234,1499
Caltech36,Jaccard,0.1,50,0.34,0.01021021021021021,0.01021021021021021,17,33,1648
Caltech36,Jaccard,0.1,100,0.36,0.021621621621621623,0.021621621621621623,36,64,1629
Caltech36,Jaccard,0.1,200,0.315,0.03783783783783784,0.03783783783783784,63,137,1602
Caltech36,Jaccard,0.1,300,0.30666666666666664,0.05525525525525526,0.05525525525525526,92,208,1573
Caltech36,Jaccard,0.1,400,0.3075,0.07387387387387387,0.07387387387387387,123,277,1542
Caltech36,Adamic/Adar,0.1,50,0.58,0.017417417417417418,0.017417417417417418,29,21,1636
Caltech36,Adamic/Adar,0.1,100,0.54,0.032432432432432434,0.032432432432432434,54,46,1611
Caltech36,Adamic/Adar,0.1,200,0.465,0.055855855855855854,0.055855855855855854,93,107,1572
Caltech36,Adamic/Adar,0.1,300,0.4533333333333333,0.08168168168168168,0.08168168168168168,136,164,1529
Caltech36,Adamic/Adar,0.1,400,0.4225,0.1015015015015015,0.1015015015015015,169,231,1496
Caltech36,CommonNeighbors,0.15,50,0.64,0.012815378454144974,0.012815378454144974,32,18,2465
Caltech36,CommonNeighbors,0.15,100,0.6,0.024028834601521828,0.024028834601521828,60,40,2437
Caltech36,CommonNeighbors,0.15,200,0.545,0.043652382859431314,0.043652382859431314,109,91,2388
Caltech36,CommonNeighbors,0.15,300,0.52,0.062474969963956746,0.062474969963956746,156,144,2341
Caltech36,CommonNeighbors,0.15,400,0.5075,0.08129755706848218,0.08129755706848218,203,197,2294
Caltech36,Jaccard,0.15,50,0.38,0.007609130957148579,0.007609130957148579,19,31,2478
Caltech36,Jaccard,0.15,100,0.41,0.016419703644373247,0.016419703644373247,41,59,2456
Caltech36,Jaccard,0.15,200,0.405,0.032438926712054464,0.032438926712054464,81,119,2416
Caltech36,Jaccard,0.15,300,0.3933333333333333,0.04725670804965959,0.04725670804965959,118,182,2379
Caltech36,Jaccard,0.15,400,0.385,0.06167400881057269,0.06167400881057269,154,246,2343
Caltech36,Adamic/Adar,0.15,50,0.62,0.012414897877452943,0.012414897877452943,31,19,2466
Caltech36,Adamic/Adar,0.15,100,0.63,0.02523027633159792,0.02523027633159792,63,37,2434
Caltech36,Adamic/Adar,0.15,200,0.56,0.04485382458950741,0.04485382458950741,112,88,2385
Caltech36,Adamic/Adar,0.15,300,0.52,0.062474969963956746,0.062474969963956746,156,144,2341
Caltech36,Adamic/Adar,0.15,400,0.515,0.08249899879855827,0.08249899879855827,206,194,2291
Caltech36,CommonNeighbors,0.2,50,0.62,0.009309309309309309,0.009309309309309309,31,19,3299
Caltech36,CommonNeighbors,0.2,100,0.66,0.01981981981981982,0.01981981981981982,66,34,3264
Caltech36,CommonNeighbors,0.2,200,0.62,0.037237237237237236,0.037237237237237236,124,76,3206
Caltech36,CommonNeighbors,0.2,300,0.5866666666666667,0.05285285285285285,0.05285285285285285,176,124,3154
Caltech36,CommonNeighbors,0.2,400,0.5575,0.06696696696696697,0.06696696696696697,223,177,3107
Caltech36,Jaccard,0.2,50,0.36,0.005405405405405406,0.005405405405405406,18,32,3312
Caltech36,Jaccard,0.2,100,0.46,0.013813813813813814,0.013813813813813814,46,54,3284
Caltech36,Jaccard,0.2,200,0.41,0.024624624624624624,0.024624624624624624,82,118,3248
Caltech36,Jaccard,0.2,300,0.41333333333333333,0.037237237237237236,0.037237237237237236,124,176,3206
Caltech36,Jaccard,0.2,400,0.405,0.04864864864864865,0.04864864864864865,162,238,3168
Caltech36,Adamic/Adar,0.2,50,0.62,0.009309309309309309,0.009309309309309309,31,19,3299
Caltech36,Adamic/Adar,0.2,100,0.62,0.018618618618618618,0.018618618618618618,62,38,3268
Caltech36,Adamic/Adar,0.2,200,0.635,0.038138138138138135,0.038138138138138135,127,73,3203
Caltech36,Adamic/Adar,0.2,300,0.59,0.05315315315315315,0.05315315315315315,177,123,3153
Caltech36,Adamic/Adar,0.2,400,0.57,0.06846846846846846,0.06846846846846846,228,172,3102
Reed98,CommonNeighbors,0.05,50,0.28,0.014893617021276596,0.014893617021276596,14,36,926
Reed98,CommonNeighbors,0.05,100,0.22,0.023404255319148935,0.023404255319148935,22,78,918
Reed98,CommonNeighbors,0.05,200,0.165,0.035106382978723406,0.035106382978723406,33,167,907
Reed98,CommonNeighbors,0.05,300,0.13333333333333333,0.0425531914893617,0.0425531914893617,40,260,900
Reed98,CommonNeighbors,0.05,400,0.135,0.0574468085106383,0.0574468085106383,54,346,886
Reed98,Jaccard,0.05,50,0.3,0.015957446808510637,0.015957446808510637,15,35,925
Reed98,Jaccard,0.05,100,0.2,0.02127659574468085,0.02127659574468085,20,80,920
Reed98,Jaccard,0.05,200,0.235,0.05,0.05,47,153,893
Reed98,Jaccard,0.05,300,0.22666666666666666,0.07234042553191489,0.07234042553191489,68,232,872
Reed98,Jaccard,0.05,400,0.21,0.08936170212765958,0.08936170212765958,84,316,856
Reed98,Adamic/Adar,0.05,50,0.3,0.015957446808510637,0.015957446808510637,15,35,925
Reed98,Adamic/Adar,0.05,100,0.25,0.026595744680851064,0.026595744680851064,25,75,915
Reed98,Adamic/Adar,0.05,200,0.17,0.036170212765957444,0.036170212765957444,34,166,906
Reed98,Adamic/Adar,0.05,300,0.15,0.047872340425531915,0.047872340425531915,45,255,895
Reed98,Adamic/Adar,0.05,400,0.14,0.059574468085106386,0.059574468085106386,56,344,884
Reed98,CommonNeighbors,0.1,50,0.4,0.01063264221158958,0.01063264221158958,20,30,1861
Reed98,CommonNeighbors,0.1,100,0.4,0.02126528442317916,0.02126528442317916,40,60,1841
Reed98,CommonNeighbors,0.1,200,0.3,0.03189792663476874,0.03189792663476874,60,140,1821
Reed98,CommonNeighbors,0.1,300,0.2633333333333333,0.04199893673577884,0.04199893673577884,79,221,1802
Reed98,CommonNeighbors,0.1,400,0.245,0.052099946836788945,0.052099946836788945,98,302,1783
Reed98,Jaccard,0.1,50,0.36,0.009569377990430622,0.009569377990430622,18,32,1863
Reed98,Jaccard,0.1,100,0.33,0.017543859649122806,0.017543859649122806,33,67,1848
Reed98,Jaccard,0.1,200,0.335,0.03561935140882509,0.03561935140882509,67,133,1814
Reed98,Jaccard,0.1,300,0.3466666666666667,0.05528973950026582,0.05528973950026582,104,196,1777
Reed98,Jaccard,0.1,400,0.33,0.07017543859649122,0.07017543859649122,132,268,1749
Reed98,Adamic/Adar,0.1,50,0.4,0.01063264221158958,0.01063264221158958,20,30,1861
Reed98,Adamic/Adar,0.1,100,0.4,0.02126528442317916,0.02126528442317916,40,60,1841
Reed98,Adamic/Adar,0.1,200,0.31,0.0329611908559277,0.0329611908559277,62,138,1819
Reed98,Adamic/Adar,0.1,300,0.2633333333333333,0.04199893673577884,0.04199893673577884,79,221,1802
Reed98,Adamic/Adar,0.1,400,0.2525,0.05369484316852738,0.05369484316852738,101,299,1780
Reed98,CommonNeighbors,0.15,50,0.46,0.00815313718539525,0.00815313718539525,23,27,2798
Reed98,CommonNeighbors,0.15,100,0.45,0.015951790145338533,0.015951790145338533,45,55,2776
Reed98,CommonNeighbors,0.15,200,0.39,0.027649769585253458,0.027649769585253458,78,122,2743
Reed98,CommonNeighbors,0.15,300,0.33666666666666667,0.03580290677064871,0.03580290677064871,101,199,2720
Reed98,CommonNeighbors,0.15,400,0.3075,0.04360155973059199,0.04360155973059199,123,277,2698
Reed98,Jaccard,0.15,50,0.4,0.007089684509039348,0.007089684509039348,20,30,2801
Reed98,Jaccard,0.15,100,0.4,0.014179369018078695,0.014179369018078695,40,60,2781
Reed98,Jaccard,0.15,200,0.385,0.02729528535980149,0.02729528535980149,77,123,2744
Reed98,Jaccard,0.15,300,0.41333333333333333,0.04395604395604396,0.04395604395604396,124,176,2697
Reed98,Jaccard,0.15,400,0.4125,0.05848989719957462,0.05848989719957462,165,235,2656
Reed98,Adamic/Adar,0.15,50,0.42,0.007444168734491315,0.007444168734491315,21,29,2800
Reed98,Adamic/Adar,0.15,100,0.44,0.015597305919886565,0.015597305919886565,44,56,2777
Reed98,Adamic/Adar,0.15,200,0.385,0.02729528535980149,0.02729528535980149,77,123,2744
Reed98,Adamic/Adar,0.15,300,0.36,0.03828429634881248,0.03828429634881248,108,192,2713
Reed98,Adamic/Adar,0.15,400,0.3275,0.04643743353420773,0.04643743353420773,131,269,2690
Reed98,CommonNeighbors,0.2,50,0.42,0.005582137161084529,0.005582137161084529,21,29,3741
Reed98,CommonNeighbors,0.2,100,0.49,0.013024986709197236,0.013024986709197236,49,51,3713
Reed98,CommonNeighbors,0.2,200,0.45,0.023923444976076555,0.023923444976076555,90,110,3672
Reed98,CommonNeighbors,0.2,300,0.39666666666666667,0.031632110579479,0.031632110579479,119,181,3643
Reed98,CommonNeighbors,0.2,400,0.3575,0.038011695906432746,0.038011695906432746,143,257,3619
Reed98,Jaccard,0.2,50,0.44,0.005847953216374269,0.005847953216374269,22,28,3740
Reed98,Jaccard,0.2,100,0.5,0.013290802764486975,0.013290802764486975,50,50,3712
Reed98,Jaccard,0.2,200,0.48,0.025518341307814992,0.025518341307814992,96,104,3666
Reed98,Jaccard,0.2,300,0.49333333333333335,0.03934077618288145,0.03934077618288145,148,152,3614
Reed98,Jaccard,0.2,400,0.455,0.04837852206273259,0.04837852206273259,182,218,3580
Reed98,Adamic/Adar,0.2,50,0.48,0.006379585326953748,0.006379585326953748,24,26,3738
Reed98,Adamic/Adar,0.2,100,0.48,0.012759170653907496,0.012759170653907496,48,52,3714
Reed98,Adamic/Adar,0.2,200,0.475,0.025252525252525252,0.025252525252525252,95,105,3667
Reed98,Adamic/Adar,0.2,300,0.39666666666666667,0.031632110579479,0.031632110579479,119,181,3643
Reed98,Adamic/Adar,0.2,400,0.375,0.03987240829346093,0.03987240829346093,150,250,3612
Haverford76,CommonNeighbors,0.05,50,0.3,0.005035246727089627,0.005035246727089627,15,35,2964
Haverford76,CommonNeighbors,0.05,100,0.25,0.008392077878482713,0.008392077878482713,25,75,2954
Haverford76,CommonNeighbors,0.05,200,0.2,0.01342732460557234,0.01342732460557234,40,160,2939
Haverford76,CommonNeighbors,0.05,300,0.17333333333333334,0.01745552198724404,0.01745552198724404,52,248,2927
Haverford76,CommonNeighbors,0.05,400,0.165,0.022155085599194362,0.022155085599194362,66,334,2913
Haverford76,Jaccard,0.05,50,0.32,0.005370929842228936,0.005370929842228936,16,34,2963
Haverford76,Jaccard,0.05,100,0.2,0.00671366230278617,0.00671366230278617,20,80,2959
Haverford76,Jaccard,0.05,200,0.185,0.012420275260154415,0.012420275260154415,37,163,2942
Haverford76,Jaccard,0.05,300,0.17,0.017119838872104734,0.017119838872104734,51,249,2928
Haverford76,Jaccard,0.05,400,0.16,0.021483719368915744,0.021483719368915744,64,336,2915
Haverford76,Adamic/Adar,0.05,50,0.34,0.005706612957368244,0.005706612957368244,17,33,2962
Haverford76,Adamic/Adar,0.05,100,0.26,0.00872776099362202,0.00872776099362202,26,74,2953
Haverford76,Adamic/Adar,0.05,200,0.215,0.014434373950990266,0.014434373950990266,43,157,2936
Haverford76,Adamic/Adar,0.05,300,0.18333333333333332,0.018462571332661968,0.018462571332661968,55,245,2924
Haverford76,Adamic/Adar,0.05,400,0.175,0.023497818059751596,0.023497818059751596,70,330,2909
Haverford76,CommonNeighbors,0.1,50,0.38,0.0031889895938234307,0.0031889895938234307,19,31,5939
Haverford76,CommonNeighbors,0.1,100,0.33,0.0055387713997985906,0.0055387713997985906,33,67,5925
Haverford76,CommonNeighbors,0.1,200,0.295,0.009902651896609601,0.009902651896609601,59,141,5899
Haverford76,CommonNeighbors,0.1,300,0.27666666666666667,0.013930849278281303,0.013930849278281303,83,217,5875
Haverford76,CommonNeighbors,0.1,400,0.24,0.016112789526686808,0.016112789526686808,96,304,5862
Haverford76,Jaccard,0.1,50,0.34,0.002853306478684122,0.002853306478684122,17,33,5941
Haverford76,Jaccard,0.1,100,0.27,0.004531722054380665,0.004531722054380665,27,73,5931
Haverford76,Jaccard,0.1,200,0.265,0.008895602551191675,0.008895602551191675,53,147,5905
Haverford76,Jaccard,0.1,300,0.23666666666666666,0.011916750587445452,0.011916750587445452,71,229,5887
Haverford76,Jaccard,0.1,400,0.225,0.015105740181268883,0.015105740181268883,90,310,5868
Haverford76,Adamic/Adar,0.1,50,0.4,0.003356831151393085,0.003356831151393085,20,30,5938
Haverford76,Adamic/Adar,0.1,100,0.34,0.005706612957368244,0.005706612957368244,34,66,5924
Haverford76,Adamic/Adar,0.1,200,0.305,0.010238335011748909,0.010238335011748909,61,139,5897
Haverford76,Adamic/Adar,0.1,300,0.2733333333333333,0.013763007720711649,0.013763007720711649,82,218,5876
Haverford76,Adamic/Adar,0.1,400,0.25,0.016784155756965426,0.016784155756965426,100,300,5858
Haverford76,CommonNeighbors,0.15,50,0.56,0.003132691877377489,0.003132691877377489,28,22,8910
Haverford76,CommonNeighbors,0.15,100,0.48,0.005370328932647125,0.005370328932647125,48,52,8890
Haverford76,CommonNeighbors,0.15,200,0.375,0.008391138957261133,0.008391138957261133,75,125,8863
Haverford76,CommonNeighbors,0.15,300,0.36666666666666664,0.012307003803982993,0.012307003803982993,110,190,8828
Haverford76,CommonNeighbors,0.15,400,0.33,0.014768404564779593,0.014768404564779593,132,268,8806
Haverford76,Jaccard,0.15,50,0.3,0.0016782277914522265,0.0016782277914522265,15,35,8923
Haverford76,Jaccard,0.15,100,0.33,0.0036921011411948984,0.0036921011411948984,33,67,8905
Haverford76,Jaccard,0.15,200,0.35,0.007831729693443723,0.007831729693443723,70,130,8868
Haverford76,Jaccard,0.15,300,0.33,0.011076303423584694,0.011076303423584694,99,201,8839
Haverford76,Jaccard,0.15,400,0.31,0.013873349742671738,0.013873349742671738,124,276,8814
Haverford76,Adamic/Adar,0.15,50,0.56,0.003132691877377489,0.003132691877377489,28,22,8910
Haverford76,Adamic/Adar,0.15,100,0.48,0.005370328932647125,0.005370328932647125,48,52,8890
Haverford76,Adamic/Adar,0.15,200,0.4,0.008950548221078542,0.008950548221078542,80,120,8858
Haverford76,Adamic/Adar,0.15,300,0.37,0.012418885656746476,0.012418885656746476,111,189,8827
Haverford76,Adamic/Adar,0.15,400,0.34,0.01521593197583352,0.01521593197583352,136,264,8802
Haverford76,CommonNeighbors,0.2,50,0.54,0.0022656708903247462,0.0022656708903247462,27,23,11890
Haverford76,CommonNeighbors,0.2,100,0.49,0.004111773097256021,0.004111773097256021,49,51,11868
Haverford76,CommonNeighbors,0.2,200,0.41,0.006880926407652933,0.006880926407652933,82,118,11835
Haverford76,CommonNeighbors,0.2,300,0.39666666666666667,0.009985734664764621,0.009985734664764621,119,181,11798
Haverford76,CommonNeighbors,0.2,400,0.3575,0.011999664345053285,0.011999664345053285,143,257,11774
Haverford76,Jaccard,0.2,50,0.3,0.0012587060501804146,0.0012587060501804146,15,35,11902
Haverford76,Jaccard,0.2,100,0.32,0.0026852395737182178,0.0026852395737182178,32,68,11885
Haverford76,Jaccard,0.2,200,0.34,0.005706134094151213,0.005706134094151213,68,132,11849
Haverford76,Jaccard,0.2,300,0.33666666666666667,0.008475287404548124,0.008475287404548124,101,199,11816
Haverford76,Jaccard,0.2,400,0.3075,0.010321389611479399,0.010321389611479399,123,277,11794
Haverford76,Adamic/Adar,0.2,50,0.6,0.002517412100360829,0.002517412100360829,30,20,11887
Haverford76,Adamic/Adar,0.2,100,0.51,0.0042796005706134095,0.0042796005706134095,51,49,11866
Haverford76,Adamic/Adar,0.2,200,0.41,0.006880926407652933,0.006880926407652933,82,118,11835
Haverford76,Adamic/Adar,0.2,300,0.4066666666666667,0.010237475874800705,0.010237475874800705,122,178,11795
Haverford76,Adamic/Adar,0.2,400,0.3725,0.01250314676512545,0.01250314676512545,149,251,11768
Swarthmore42,CommonNeighbors,0.05,50,0.18,0.002948885976408912,0.002948885976408912,9,41,3043
Swarthmore42,CommonNeighbors,0.05,100,0.17,0.005570117955439056,0.005570117955439056,17,83,3035
Swarthmore42,CommonNeighbors,0.05,200,0.135,0.008846657929226736,0.008846657929226736,27,173,3025
Swarthmore42,CommonNeighbors,0.05,300,0.13,0.012778505897771953,0.012778505897771953,39,261,3013
Swarthmore42,CommonNeighbors,0.05,400,0.1175,0.015399737876802096,0.015399737876802096,47,353,3005
Swarthmore42,Jaccard,0.05,50,0.22,0.0036041939711664484,0.0036041939711664484,11,39,3041
Swarthmore42,Jaccard,0.05,100,0.26,0.00851900393184797,0.00851900393184797,26,74,3026
Swarthmore42,Jaccard,0.05,200,0.225,0.01474442988204456,0.01474442988204456,45,155,3007
Swarthmore42,Jaccard,0.05,300,0.19666666666666666,0.019331585845347315,0.019331585845347315,59,241,2993
Swarthmore42,Jaccard,0.05,400,0.1925,0.02522935779816514,0.02522935779816514,77,323,2975
Swarthmore42,Adamic/Adar,0.05,50,0.18,0.002948885976408912,0.002948885976408912,9,41,3043
Swarthmore42,Adamic/Adar,0.05,100,0.17,0.005570117955439056,0.005570117955439056,17,83,3035
Swarthmore42,Adamic/Adar,0.05,200,0.155,0.010157273918741808,0.010157273918741808,31,169,3021
Swarthmore42,Adamic/Adar,0.05,300,0.14,0.013761467889908258,0.013761467889908258,42,258,3010
Swarthmore42,Adamic/Adar,0.05,400,0.1225,0.016055045871559634,0.016055045871559634,49,351,3003
Swarthmore42,CommonNeighbors,0.1,50,0.3,0.0024574049803407602,0.0024574049803407602,15,35,6089
Swarthmore42,CommonNeighbors,0.1,100,0.33,0.005406290956749673,0.005406290956749673,33,67,6071
Swarthmore42,CommonNeighbors,0.1,200,0.28,0.009174311926605505,0.009174311926605505,56,144,6048
Swarthmore42,CommonNeighbors,0.1,300,0.26666666666666666,0.01310615989515072,0.01310615989515072,80,220,6024
Swarthmore42,CommonNeighbors,0.1,400,0.2525,0.016546526867627784,0.016546526867627784,101,299,6003
Swarthmore42,Jaccard,0.1,50,0.28,0.0022935779816513763,0.0022935779816513763,14,36,6090
Swarthmore42,Jaccard,0.1,100,0.31,0.005078636959370904,0.005078636959370904,31,69,6073
Swarthmore42,Jaccard,0.1,200,0.345,0.011304062909567496,0.011304062909567496,69,131,6035
Swarthmore42,Jaccard,0.1,300,0.31,0.015235910878112713,0.015235910878112713,93,207,6011
Swarthmore42,Jaccard,0.1,400,0.3225,0.021133682830930537,0.021133682830930537,129,271,5975
Swarthmore42,Adamic/Adar,0.1,50,0.32,0.002621231979030144,0.002621231979030144,16,34,6088
Swarthmore42,Adamic/Adar,0.1,100,0.33,0.005406290956749673,0.005406290956749673,33,67,6071
Swarthmore42,Adamic/Adar,0.1,200,0.3,0.009829619921363041,0.009829619921363041,60,140,6044
Swarthmore42,Adamic/Adar,0.1,300,0.2733333333333333,0.013433813892529489,0.013433813892529489,82,218,6022
Swarthmore42,Adamic/Adar,0.1,400,0.2775,0.018184796854521627,0.018184796854521627,111,289,5993
Swarthmore42,CommonNeighbors,0.15,50,0.44,0.0024025335808670963,0.0024025335808670963,22,28,9135
Swarthmore42,CommonNeighbors,0.15,100,0.35,0.003822212515015835,0.003822212515015835,35,65,9122
Swarthmore42,CommonNeighbors,0.15,200,0.33,0.007207600742601288,0.007207600742601288,66,134,9091
Swarthmore42,CommonNeighbors,0.15,300,0.3233333333333333,0.010592988970186743,0.010592988970186743,97,203,9060
Swarthmore42,CommonNeighbors,0.15,400,0.3075,0.013432346838484219,0.013432346838484219,123,277,9034
Swarthmore42,Jaccard,0.15,50,0.26,0.0014196789341487386,0.0014196789341487386,13,37,9144
Swarthmore42,Jaccard,0.15,100,0.36,0.00393141858687343,0.00393141858687343,36,64,9121
Swarthmore42,Jaccard,0.15,200,0.31,0.006770776455170907,0.006770776455170907,62,138,9095
Swarthmore42,Jaccard,0.15,300,0.31666666666666665,0.010374576826471553,0.010374576826471553,95,205,9062
Swarthmore42,Jaccard,0.15,400,0.325,0.014196789341487387,0.014196789341487387,130,270,9027
Swarthmore42,Adamic/Adar,0.15,50,0.46,0.0025117396527246914,0.0025117396527246914,23,27,9134
Swarthmore42,Adamic/Adar,0.15,100,0.35,0.003822212515015835,0.003822212515015835,35,65,9122
Swarthmore42,Adamic/Adar,0.15,200,0.35,0.00764442503003167,0.00764442503003167,70,130,9087
Swarthmore42,Adamic/Adar,0.15,300,0.32666666666666666,0.010702195042044338,0.010702195042044338,98,202,9059
Swarthmore42,Adamic/Adar,0.15,400,0.32,0.013978377197772196,0.013978377197772196,128,272,9029
Swarthmore42,CommonNeighbors,0.2,50,0.46,0.001883856171676632,0.001883856171676632,23,27,12186
Swarthmore42,CommonNeighbors,0.2,100,0.36,0.0029486444426242934,0.0029486444426242934,36,64,12173
Swarthmore42,CommonNeighbors,0.2,200,0.37,0.0060611024653943815,0.0060611024653943815,74,126,12135
Swarthmore42,CommonNeighbors,0.2,300,0.38,0.009337374068310263,0.009337374068310263,114,186,12095
Swarthmore42,CommonNeighbors,0.2,400,0.3625,0.011876484560570071,0.011876484560570071,145,255,12064
Swarthmore42,Jaccard,0.2,50,0.26,0.0010647882709476615,0.0010647882709476615,13,37,12196
Swarthmore42,Jaccard,0.2,100,0.36,0.0029486444426242934,0.0029486444426242934,36,64,12173
Swarthmore42,Jaccard,0.2,200,0.365,0.005979195675321484,0.005979195675321484,73,127,12136
Swarthmore42,Jaccard,0.2,300,0.35,0.00860021295765419,0.00860021295765419,105,195,12104
Swarthmore42,Jaccard,0.2,400,0.3375,0.0110574166598411,0.0110574166598411,135,265,12074
Swarthmore42,Adamic/Adar,0.2,50,0.48,0.001965762961749529,0.001965762961749529,24,26,12185
Swarthmore42,Adamic/Adar,0.2,100,0.37,0.0030305512326971908,0.0030305512326971908,37,63,12172
Swarthmore42,Adamic/Adar,0.2,200,0.41,0.006716356785977558,0.006716356785977558,82,118,12127
Swarthmore42,Adamic/Adar,0.2,300,0.38333333333333336,0.00941928085838316,0.00941928085838316,115,185,12094
Swarthmore42,Adamic/Adar,0.2,400,0.3625,0.011876484560570071,0.011876484560570071,145,255,12064
Amherst41,CommonNeighbors,0.05,50,0.12,0.0013195513525401364,0.0013195513525401364,6,44,4541
Amherst41,CommonNeighbors,0.05,100,0.17,0.003738728832197053,0.003738728832197053,17,83,4530
Amherst41,CommonNeighbors,0.05,200,0.16,0.007037607213547394,0.007037607213547394,32,168,4515
Amherst41,CommonNeighbors,0.05,300,0.16,0.010556410820321091,0.010556410820321091,48,252,4499
Amherst41,CommonNeighbors,0.05,400,0.1575,0.013855289201671431,0.013855289201671431,63,337,4484
Amherst41,Jaccard,0.05,50,0.28,0.003078953155926985,0.003078953155926985,14,36,4533
Amherst41,Jaccard,0.05,100,0.31,0.006817681988124038,0.006817681988124038,31,69,4516
Amherst41,Jaccard,0.05,200,0.295,0.012975588299978007,0.012975588299978007,59,141,4488
Amherst41,Jaccard,0.05,300,0.25333333333333335,0.016714317132175062,0.016714317132175062,76,224,4471
Amherst41,Jaccard,0.05,400,0.2075,0.018253793710138553,0.018253793710138553,83,317,4464
Amherst41,Adamic/Adar,0.05,50,0.14,0.0015394765779634925,0.0015394765779634925,7,43,4540
Amherst41,Adamic/Adar,0.05,100,0.15,0.003298878381350341,0.003298878381350341,15,85,4532
Amherst41,Adamic/Adar,0.05,200,0.155,0.006817681988124038,0.006817681988124038,31,169,4516
Amherst41,Adamic/Adar,0.05,300,0.16,0.010556410820321091,0.010556410820321091,48,252,4499
Amherst41,Adamic/Adar,0.05,400,0.175,0.015394765779634924,0.015394765779634924,70,330,4477
Amherst41,CommonNeighbors,0.1,50,0.24,0.0013194062671797692,0.0013194062671797692,12,38,9083
Amherst41,CommonNeighbors,0.1,100,0.28,0.0030786146234194614,0.0030786146234194614,28,72,9067
Amherst41,CommonNeighbors,0.1,200,0.25,0.005497526113249038,0.005497526113249038,50,150,9045
Amherst41,CommonNeighbors,0.1,300,0.24,0.007916437603078615,0.007916437603078615,72,228,9023
Amherst41,CommonNeighbors,0.1,400,0.2475,0.010885101704233095,0.010885101704233095,99,301,8996
Amherst41,Jaccard,0.1,50,0.38,0.0020890599230346343,0.0020890599230346343,19,31,9076
Amherst41,Jaccard,0.1,100,0.36,0.0039582188015393075,0.0039582188015393075,36,64,9059
Amherst41,Jaccard,0.1,200,0.335,0.0073666849917537105,0.0073666849917537105,67,133,9028
Amherst41,Jaccard,0.1,300,0.29333333333333333,0.009675645959318307,0.009675645959318307,88,212,9007
Amherst41,Jaccard,0.1,400,0.2575,0.011324903793293019,0.011324903793293019,103,297,8992
Amherst41,Adamic/Adar,0.1,50,0.28,0.0015393073117097307,0.0015393073117097307,14,36,9081
Amherst41,Adamic/Adar,0.1,100,0.26,0.0028587135788895,0.0028587135788895,26,74,9069
Amherst41,Adamic/Adar,0.1,200,0.245,0.005387575590984057,0.005387575590984057,49,151,9046
Amherst41,Adamic/Adar,0.1,300,0.23666666666666666,0.0078064870808136335,0.0078064870808136335,71,229,9024
Amherst41,Adamic/Adar,0.1,400,0.25,0.010995052226498075,0.010995052226498075,100,300,8995
Amherst41,CommonNeighbors,0.15,50,0.26,0.0009528696034596496,0.0009528696034596496,13,37,13630
Amherst41,CommonNeighbors,0.15,100,0.29,0.0021256321923330645,0.0021256321923330645,29,71,13614
Amherst41,CommonNeighbors,0.15,200,0.305,0.004471157370079895,0.004471157370079895,61,139,13582
Amherst41,CommonNeighbors,0.15,300,0.31666666666666665,0.006963277871435901,0.006963277871435901,95,205,13548
Amherst41,CommonNeighbors,0.15,400,0.295,0.008649124092941435,0.008649124092941435,118,282,13525
Amherst41,Jaccard,0.15,50,0.36,0.0013193579124825918,0.0013193579124825918,18,32,13625
Amherst41,Jaccard,0.15,100,0.36,0.0026387158249651836,0.0026387158249651836,36,64,13607
Amherst41,Jaccard,0.15,200,0.36,0.005277431649930367,0.005277431649930367,72,128,13571
Amherst41,Jaccard,0.15,300,0.34,0.00747636150406802,0.00747636150406802,102,198,13541
Amherst41,Jaccard,0.15,400,0.3275,0.009601993696401084,0.009601993696401084,131,269,13512
Amherst41,Adamic/Adar,0.15,50,0.26,0.0009528696034596496,0.0009528696034596496,13,37,13630
Amherst41,Adamic/Adar,0.15,100,0.3,0.002198929854137653,0.002198929854137653,30,70,13613
Amherst41,Adamic/Adar,0.15,200,0.3,0.004397859708275306,0.004397859708275306,60,140,13583
Amherst41,Adamic/Adar,0.15,300,0.30666666666666664,0.006743384886022136,0.006743384886022136,92,208,13551
Amherst41,Adamic/Adar,0.15,400,0.3075,0.009015612401964378,0.009015612401964378,123,277,13520
Amherst41,CommonNeighbors,0.2,50,0.24,0.0006597031335898846,0.0006597031335898846,12,38,18178
Amherst41,CommonNeighbors,0.2,100,0.36,0.0019791094007696537,0.0019791094007696537,36,64,18154
Amherst41,CommonNeighbors,0.2,200,0.345,0.0037932930181418362,0.0037932930181418362,69,131,18121
Amherst41,CommonNeighbors,0.2,300,0.35,0.00577240241891149,0.00577240241891149,105,195,18085
Amherst41,CommonNeighbors,0.2,400,0.325,0.007146783947223749,0.007146783947223749,130,270,18060
Amherst41,Jaccard,0.2,50,0.3,0.0008246289169873557,0.0008246289169873557,15,35,18175
Amherst41,Jaccard,0.2,100,0.35,0.0019241341396371632,0.0019241341396371632,35,65,18155
Amherst41,Jaccard,0.2,200,0.335,0.0036833424958768552,0.0036833424958768552,67,133,18123
Amherst41,Jaccard,0.2,300,0.36,0.005937328202308961,0.005937328202308961,108,192,18082
Amherst41,Jaccard,0.2,400,0.36,0.007916437603078615,0.007916437603078615,144,256,18046
Amherst41,Adamic/Adar,0.2,50,0.32,0.0008796041781198461,0.0008796041781198461,16,34,18174
Amherst41,Adamic/Adar,0.2,100,0.35,0.0019241341396371632,0.0019241341396371632,35,65,18155
Amherst41,Adamic/Adar,0.2,200,0.34,0.003738317757009346,0.003738317757009346,68,132,18122
Amherst41,Adamic/Adar,0.2,300,0.3466666666666667,0.005717427157779,0.005717427157779,104,196,18086
Amherst41,Adamic/Adar,0.2,400,0.34,0.007476635514018692,0.007476635514018692,136,264,18054
Bowdoin47,CommonNeighbors,0.05,50,0.26,0.0030812988859919414,0.0030812988859919414,13,37,4206
Bowdoin47,CommonNeighbors,0.05,100,0.21,0.0049774828158331355,0.0049774828158331355,21,79,4198
Bowdoin47,CommonNeighbors,0.05,200,0.185,0.008769850675515525,0.008769850675515525,37,163,4182
Bowdoin47,CommonNeighbors,0.05,300,0.15,0.01066603460535672,0.01066603460535672,45,255,4174
Bowdoin47,CommonNeighbors,0.05,400,0.1375,0.013036264517658214,0.013036264517658214,55,345,4164
Bowdoin47,Jaccard,0.05,50,0.24,0.002844275894761792,0.002844275894761792,12,38,4207
Bowdoin47,Jaccard,0.05,100,0.2,0.004740459824602986,0.004740459824602986,20,80,4199
Bowdoin47,Jaccard,0.05,200,0.22,0.010429011614126571,0.010429011614126571,44,156,4175
Bowdoin47,Jaccard,0.05,300,0.17333333333333334,0.012325195543967766,0.012325195543967766,52,248,4167
Bowdoin47,Jaccard,0.05,400,0.165,0.015643517421189856,0.015643517421189856,66,334,4153
Bowdoin47,Adamic/Adar,0.05,50,0.22,0.0026072529035316427,0.0026072529035316427,11,39,4208
Bowdoin47,Adamic/Adar,0.05,100,0.23,0.005451528798293435,0.005451528798293435,23,77,4196
Bowdoin47,Adamic/Adar,0.05,200,0.195,0.009243896657975823,0.009243896657975823,39,161,4180
Bowdoin47,Adamic/Adar,0.05,300,0.15666666666666668,0.011140080587817017,0.011140080587817017,47,253,4172
Bowdoin47,Adamic/Adar,0.05,400,0.1475,0.01398435648257881,0.01398435648257881,59,341,4160
Bowdoin47,CommonNeighbors,0.1,50,0.3,0.00177767243422612,0.00177767243422612,15,35,8423
Bowdoin47,CommonNeighbors,0.1,100,0.3,0.00355534486845224,0.00355534486845224,30,70,8408
Bowdoin47,CommonNeighbors,0.1,200,0.295,0.006992178241289405,0.006992178241289405,59,141,8379
Bowdoin47,CommonNeighbors,0.1,300,0.2733333333333333,0.009717942640436123,0.009717942640436123,82,218,8356
Bowdoin47,CommonNeighbors,0.1,400,0.255,0.012088172552737616,0.012088172552737616,102,298,8336
Bowdoin47,Jaccard,0.1,50,0.34,0.002014695425456269,0.002014695425456269,17,33,8421
Bowdoin47,Jaccard,0.1,100,0.3,0.00355534486845224,0.00355534486845224,30,70,8408
Bowdoin47,Jaccard,0.1,200,0.31,0.007347712728134629,0.007347712728134629,62,138,8376
Bowdoin47,Jaccard,0.1,300,0.27666666666666667,0.009836454136051198,0.009836454136051198,83,217,8355
Bowdoin47,Jaccard,0.1,400,0.2675,0.012680730030812989,0.012680730030812989,107,293,8331
Bowdoin47,Adamic/Adar,0.1,50,0.28,0.0016591609386110452,0.0016591609386110452,14,36,8424
Bowdoin47,Adamic/Adar,0.1,100,0.33,0.003910879355297464,0.003910879355297464,33,67,8405
Bowdoin47,Adamic/Adar,0.1,200,0.315,0.007466224223749704,0.007466224223749704,63,137,8375
Bowdoin47,Adamic/Adar,0.1,300,0.27666666666666667,0.009836454136051198,0.009836454136051198,83,217,8355
Bowdoin47,Adamic/Adar,0.1,400,0.27,0.012799241526428064,0.012799241526428064,108,292,8330
Bowdoin47,CommonNeighbors,0.15,50,0.34,0.0013431302836375129,0.0013431302836375129,17,33,12640
Bowdoin47,CommonNeighbors,0.15,100,0.38,0.003002291222248558,0.003002291222248558,38,62,12619
Bowdoin47,CommonNeighbors,0.15,200,0.385,0.0060835901082405,0.0060835901082405,77,123,12580
Bowdoin47,CommonNeighbors,0.15,300,0.34,0.008058781701825076,0.008058781701825076,102,198,12555
Bowdoin47,CommonNeighbors,0.15,400,0.32,0.010112980959153037,0.010112980959153037,128,272,12529
Bowdoin47,Jaccard,0.15,50,0.34,0.0013431302836375129,0.0013431302836375129,17,33,12640
Bowdoin47,Jaccard,0.15,100,0.32,0.0025282452397882593,0.0025282452397882593,32,68,12625
Bowdoin47,Jaccard,0.15,200,0.365,0.005767559453266967,0.005767559453266967,73,127,12584
Bowdoin47,Jaccard,0.15,300,0.35,0.008295804693055226,0.008295804693055226,105,195,12552
Bowdoin47,Jaccard,0.15,400,0.3425,0.010824049932843485,0.010824049932843485,137,263,12520
Bowdoin47,Adamic/Adar,0.15,50,0.34,0.0013431302836375129,0.0013431302836375129,17,33,12640
Bowdoin47,Adamic/Adar,0.15,100,0.4,0.0031603065497353244,0.0031603065497353244,40,60,12617
Bowdoin47,Adamic/Adar,0.15,200,0.39,0.006162597771983883,0.006162597771983883,78,122,12579
Bowdoin47,Adamic/Adar,0.15,300,0.35333333333333333,0.00837481235679861,0.00837481235679861,106,194,12551
Bowdoin47,Adamic/Adar,0.15,400,0.3425,0.010824049932843485,0.010824049932843485,137,263,12520
Bowdoin47,CommonNeighbors,0.2,50,0.38,0.0011257924986668247,0.0011257924986668247,19,31,16858
Bowdoin47,CommonNeighbors,0.2,100,0.4,0.0023700894708775255,0.0023700894708775255,40,60,16837
Bowdoin47,CommonNeighbors,0.2,200,0.405,0.004799431178526989,0.004799431178526989,81,119,16796
Bowdoin47,CommonNeighbors,0.2,300,0.37333333333333335,0.006636250518457071,0.006636250518457071,112,188,16765
Bowdoin47,CommonNeighbors,0.2,400,0.3575,0.008473069858387154,0.008473069858387154,143,257,16734
Bowdoin47,Jaccard,0.2,50,0.22,0.0006517746044913196,0.0006517746044913196,11,39,16866
Bowdoin47,Jaccard,0.2,100,0.35,0.002073828287017835,0.002073828287017835,35,65,16842
Bowdoin47,Jaccard,0.2,200,0.39,0.004621674468211175,0.004621674468211175,78,122,16799
Bowdoin47,Jaccard,0.2,300,0.38,0.006754754992000948,0.006754754992000948,114,186,16763
Bowdoin47,Jaccard,0.2,400,0.3575,0.008473069858387154,0.008473069858387154,143,257,16734
Bowdoin47,Adamic/Adar,0.2,50,0.4,0.0011850447354387627,0.0011850447354387627,20,30,16857
Bowdoin47,Adamic/Adar,0.2,100,0.38,0.0022515849973336493,0.0022515849973336493,38,62,16839
Bowdoin47,Adamic/Adar,0.2,200,0.43,0.00509569236238668,0.00509569236238668,86,114,16791
Bowdoin47,Adamic/Adar,0.2,300,0.38333333333333336,0.0068140072287728864,0.0068140072287728864,115,185,16762
Bowdoin47,Adamic/Adar,0.2,400,0.3775,0.00894708775256266,0.00894708775256266,151,249,16726
Wellesley22,CommonNeighbors,0.05,50,0.26,0.0027403035413153458,0.0027403035413153458,13,37,4731
Wellesley22,CommonNeighbors,0.05,100,0.21,0.00442664418212479,0.00442664418212479,21,79,4723
Wellesley22,CommonNeighbors,0.05,200,0.2,0.008431703204047217,0.008431703204047217,40,160,4704
Wellesley22,CommonNeighbors,0.05,300,0.18,0.011382799325463743,0.011382799325463743,54,246,4690
Wellesley22,CommonNeighbors,0.05,400,0.1575,0.013279932546374367,0.013279932546374367,63,337,4681
Wellesley22,Jaccard,0.05,50,0.16,0.0016863406408094434,0.0016863406408094434,8,42,4736
Wellesley22,Jaccard,0.05,100,0.14,0.002951096121416526,0.002951096121416526,14,86,4730
Wellesley22,Jaccard,0.05,200,0.13,0.0054806070826306915,0.0054806070826306915,26,174,4718
Wellesley22,Jaccard,0.05,300,0.14666666666666667,0.00927487352445194,0.00927487352445194,44,256,4700
Wellesley22,Jaccard,0.05,400,0.1425,0.012015177065767284,0.012015177065767284,57,343,4687
Wellesley22,Adamic/Adar,0.05,50,0.26,0.0027403035413153458,0.0027403035413153458,13,37,4731
Wellesley22,Adamic/Adar,0.05,100,0.21,0.00442664418212479,0.00442664418212479,21,79,4723
Wellesley22,Adamic/Adar,0.05,200,0.21,0.00885328836424958,0.00885328836424958,42,158,4702
Wellesley22,Adamic/Adar,0.05,300,0.2,0.012647554806070826,0.012647554806070826,60,240,4684
Wellesley22,Adamic/Adar,0.05,400,0.1775,0.01496627318718381,0.01496627318718381,71,329,4673
Wellesley22,CommonNeighbors,0.1,50,0.42,0.002213088839709137,0.002213088839709137,21,29,9468
Wellesley22,CommonNeighbors,0.1,100,0.36,0.0037938665823585203,0.0037938665823585203,36,64,9453
Wellesley22,CommonNeighbors,0.1,200,0.31,0.006533881336284119,0.006533881336284119,62,138,9427
Wellesley22,CommonNeighbors,0.1,300,0.29333333333333333,0.009273896090209717,0.009273896090209717,88,212,9401
Wellesley22,CommonNeighbors,0.1,400,0.2775,0.011697755295605438,0.011697755295605438,111,289,9378
Wellesley22,Jaccard,0.1,50,0.34,0.001791548108335968,0.001791548108335968,17,33,9472
Wellesley22,Jaccard,0.1,100,0.29,0.0030561703024554747,0.0030561703024554747,29,71,9460
Wellesley22,Jaccard,0.1,200,0.29,0.006112340604910949,0.006112340604910949,58,142,9431
Wellesley22,Jaccard,0.1,300,0.28,0.008852355358836548,0.008852355358836548,84,216,9405
Wellesley22,Jaccard,0.1,400,0.275,0.011592370112762146,0.011592370112762146,110,290,9379
Wellesley22,Adamic/Adar,0.1,50,0.4,0.0021077036568658445,0.0021077036568658445,20,30,9469
Wellesley22,Adamic/Adar,0.1,100,0.4,0.004215407313731689,0.004215407313731689,40,60,9449
Wellesley22,Adamic/Adar,0.1,200,0.325,0.006850036884813995,0.006850036884813995,65,135,9424
Wellesley22,Adamic/Adar,0.1,300,0.3233333333333333,0.010222362735799347,0.010222362735799347,97,203,9392
Wellesley22,Adamic/Adar,0.1,400,0.2975,0.012540836758351775,0.012540836758351775,119,281,9370
Wellesley22,CommonNeighbors,0.15,50,0.56,0.0019671209779401435,0.0019671209779401435,28,22,14206
Wellesley22,CommonNeighbors,0.15,100,0.42,0.002950681466910215,0.002950681466910215,42,58,14192
Wellesley22,CommonNeighbors,0.15,200,0.385,0.005409582689335394,0.005409582689335394,77,123,14157
Wellesley22,CommonNeighbors,0.15,300,0.36,0.007587466629197696,0.007587466629197696,108,192,14126
Wellesley22,CommonNeighbors,0.15,400,0.34,0.00955458760713784,0.00955458760713784,136,264,14098
Wellesley22,Jaccard,0.15,50,0.28,0.0009835604889700718,0.0009835604889700718,14,36,14220
Wellesley22,Jaccard,0.15,100,0.38,0.0026696641843473373,0.0026696641843473373,38,62,14196
Wellesley22,Jaccard,0.15,200,0.305,0.004285513559083884,0.004285513559083884,61,139,14173
Wellesley22,Jaccard,0.15,300,0.30333333333333334,0.0063931431783054654,0.0063931431783054654,91,209,14143
Wellesley22,Jaccard,0.15,400,0.31,0.008711535759449206,0.008711535759449206,124,276,14110
Wellesley22,Adamic/Adar,0.15,50,0.54,0.001896866657299424,0.001896866657299424,27,23,14207
Wellesley22,Adamic/Adar,0.15,100,0.46,0.0032316987494730924,0.0032316987494730924,46,54,14188
Wellesley22,Adamic/Adar,0.15,200,0.415,0.005831108613179711,0.005831108613179711,83,117,14151
Wellesley22,Adamic/Adar,0.15,300,0.37333333333333335,0.007868483911760574,0.007868483911760574,112,188,14122
Wellesley22,Adamic/Adar,0.15,400,0.3575,0.010046367851622875,0.010046367851622875,143,257,14091
Wellesley22,CommonNeighbors,0.2,50,0.64,0.0016860740818799725,0.0016860740818799725,32,18,18947
Wellesley22,CommonNeighbors,0.2,100,0.51,0.0026871805679962064,0.0026871805679962064,51,49,18928
Wellesley22,CommonNeighbors,0.2,200,0.43,0.004531324095052427,0.004531324095052427,86,114,18893
Wellesley22,CommonNeighbors,0.2,300,0.4033333333333333,0.006375467622108647,0.006375467622108647,121,179,18858
Wellesley22,CommonNeighbors,0.2,400,0.37,0.0077980926286948735,0.0077980926286948735,148,252,18831
Wellesley22,Jaccard,0.2,50,0.28,0.000737657410822488,0.000737657410822488,14,36,18965
Wellesley22,Jaccard,0.2,100,0.31,0.0016333842668212234,0.0016333842668212234,31,69,18948
Wellesley22,Jaccard,0.2,200,0.33,0.0034775277938774436,0.0034775277938774436,66,134,18913
Wellesley22,Jaccard,0.2,300,0.32,0.0050582222456399175,0.0050582222456399175,96,204,18883
Wellesley22,Jaccard,0.2,400,0.3425,0.007218504663048633,0.007218504663048633,137,263,18842
Wellesley22,Adamic/Adar,0.2,50,0.6,0.0015806944517624743,0.0015806944517624743,30,20,18949
Wellesley22,Adamic/Adar,0.2,100,0.5,0.0026344907529374574,0.0026344907529374574,50,50,18929
Wellesley22,Adamic/Adar,0.2,200,0.48,0.0050582222456399175,0.0050582222456399175,96,104,18883
Wellesley22,Adamic/Adar,0.2,300,0.42333333333333334,0.006691606512461141,0.006691606512461141,127,173,18852
Wellesley22,Adamic/Adar,0.2,400,0.4125,0.008693819484693608,0.008693819484693608,165,235,18814
Brandeis99,CommonNeighbors,0.05,50,0.18,0.001308519918580983,0.001308519918580983,9,41,6869
Brandeis99,CommonNeighbors,0.05,100,0.17,0.002471648735097412,0.002471648735097412,17,83,6861
Brandeis99,CommonNeighbors,0.05,200,0.18,0.005234079674323932,0.005234079674323932,36,164,6842
Brandeis99,CommonNeighbors,0.05,300,0.20333333333333334,0.008868857225937773,0.008868857225937773,61,239,6817
Brandeis99,CommonNeighbors,0.05,400,0.18,0.010468159348647864,0.010468159348647864,72,328,6806
Brandeis99,Jaccard,0.05,50,0.02,0.00014539110206455364,0.00014539110206455364,1,49,6877
Brandeis99,Jaccard,0.05,100,0.07,0.0010177377144518756,0.0010177377144518756,7,93,6871
Brandeis99,Jaccard,0.05,200,0.15,0.004361733061936609,0.004361733061936609,30,170,6848
Brandeis99,Jaccard,0.05,300,0.15666666666666668,0.006833381797034022,0.006833381797034022,47,253,6831
Brandeis99,Jaccard,0.05,400,0.175,0.010177377144518756,0.010177377144518756,70,330,6808
Brandeis99,Adamic/Adar,0.05,50,0.16,0.0011631288165164292,0.0011631288165164292,8,42,6870
Brandeis99,Adamic/Adar,0.05,100,0.17,0.002471648735097412,0.002471648735097412,17,83,6861
Brandeis99,Adamic/Adar,0.05,200,0.17,0.004943297470194824,0.004943297470194824,34,166,6844
Brandeis99,Adamic/Adar,0.05,300,0.19333333333333333,0.008432683919744112,0.008432683919744112,58,242,6820
Brandeis99,Adamic/Adar,0.05,400,0.19,0.011049723756906077,0.011049723756906077,76,324,6802
Brandeis99,CommonNeighbors,0.1,50,0.24,0.0008723466123873219,0.0008723466123873219,12,38,13744
Brandeis99,CommonNeighbors,0.1,100,0.25,0.0018173887758069205,0.0018173887758069205,25,75,13731
Brandeis99,CommonNeighbors,0.1,200,0.275,0.003998255306775225,0.003998255306775225,55,145,13701
Brandeis99,CommonNeighbors,0.1,300,0.32,0.006978772899098575,0.006978772899098575,96,204,13660
Brandeis99,CommonNeighbors,0.1,400,0.32,0.009305030532131433,0.009305030532131433,128,272,13628
Brandeis99,Jaccard,0.1,50,0.04,0.00014539110206455364,0.00014539110206455364,2,48,13754
Brandeis99,Jaccard,0.1,100,0.18,0.001308519918580983,0.001308519918580983,18,82,13738
Brandeis99,Jaccard,0.1,200,0.195,0.002835126490258796,0.002835126490258796,39,161,13717
Brandeis99,Jaccard,0.1,300,0.25333333333333335,0.0055248618784530384,0.0055248618784530384,76,224,13680
Brandeis99,Jaccard,0.1,400,0.2775,0.008069206164582728,0.008069206164582728,111,289,13645
Brandeis99,Adamic/Adar,0.1,50,0.24,0.0008723466123873219,0.0008723466123873219,12,38,13744
Brandeis99,Adamic/Adar,0.1,100,0.24,0.0017446932247746438,0.0017446932247746438,24,76,13732
Brandeis99,Adamic/Adar,0.1,200,0.285,0.004143646408839779,0.004143646408839779,57,143,13699
Brandeis99,Adamic/Adar,0.1,300,0.29333333333333333,0.00639720849084036,0.00639720849084036,88,212,13668
Brandeis99,Adamic/Adar,0.1,400,0.3275,0.009523117185228264,0.009523117185228264,131,269,13625
Brandeis99,CommonNeighbors,0.15,50,0.36,0.0008723466123873219,0.0008723466123873219,18,32,20616
Brandeis99,CommonNeighbors,0.15,100,0.36,0.0017446932247746438,0.0017446932247746438,36,64,20598
Brandeis99,CommonNeighbors,0.15,200,0.345,0.003343995347484734,0.003343995347484734,69,131,20565
Brandeis99,CommonNeighbors,0.15,300,0.38333333333333336,0.005573325579141223,0.005573325579141223,115,185,20519
Brandeis99,CommonNeighbors,0.15,400,0.39,0.00756033730735679,0.00756033730735679,156,244,20478
Brandeis99,Jaccard,0.15,50,0.0,0.0,0.0,0,50,20634
Brandeis99,Jaccard,0.15,100,0.17,0.0008238829116991374,0.0008238829116991374,17,83,20617
Brandeis99,Jaccard,0.15,200,0.19,0.001841620626151013,0.001841620626151013,38,162,20596
Brandeis99,Jaccard,0.15,300,0.25333333333333335,0.003683241252302026,0.003683241252302026,76,224,20558
Brandeis99,Jaccard,0.15,400,0.29,0.005621789279829407,0.005621789279829407,116,284,20518
Brandeis99,Adamic/Adar,0.15,50,0.38,0.0009208103130755065,0.0009208103130755065,19,31,20615
Brandeis99,Adamic/Adar,0.15,100,0.34,0.0016477658233982747,0.0016477658233982747,34,66,20600
Brandeis99,Adamic/Adar,0.15,200,0.375,0.003634777551613841,0.003634777551613841,75,125,20559
Brandeis99,Adamic/Adar,0.15,300,0.37333333333333335,0.0054279344770766695,0.0054279344770766695,112,188,20522
Brandeis99,Adamic/Adar,0.15,400,0.39,0.00756033730735679,0.00756033730735679,156,244,20478
Brandeis99,CommonNeighbors,0.2,50,0.48,0.0008723466123873219,0.0008723466123873219,24,26,27488
Brandeis99,CommonNeighbors,0.2,100,0.43,0.0015629543471939518,0.0015629543471939518,43,57,27469
Brandeis99,CommonNeighbors,0.2,200,0.435,0.003162256469904042,0.003162256469904042,87,113,27425
Brandeis99,CommonNeighbors,0.2,300,0.4166666666666667,0.004543471939517302,0.004543471939517302,125,175,27387
Brandeis99,CommonNeighbors,0.2,400,0.42,0.0061064262867112536,0.0061064262867112536,168,232,27344
Brandeis99,Jaccard,0.2,50,0.02,3.634777551613841e-05,3.634777551613841e-05,1,49,27511
Brandeis99,Jaccard,0.2,100,0.2,0.0007269555103227683,0.0007269555103227683,20,80,27492
Brandeis99,Jaccard,0.2,200,0.255,0.001853736551323059,0.001853736551323059,51,149,27461
Brandeis99,Jaccard,0.2,300,0.3433333333333333,0.0037438208781622566,0.0037438208781622566,103,197,27409
Brandeis99,Jaccard,0.2,400,0.3525,0.005125036347775516,0.005125036347775516,141,259,27371
Brandeis99,Adamic/Adar,0.2,50,0.48,0.0008723466123873219,0.0008723466123873219,24,26,27488
Brandeis99,Adamic/Adar,0.2,100,0.4,0.0014539110206455365,0.0014539110206455365,40,60,27472
Brandeis99,Adamic/Adar,0.2,200,0.42,0.0030532131433556268,0.0030532131433556268,84,116,27428
Brandeis99,Adamic/Adar,0.2,300,0.39666666666666667,0.004325385286420471,0.004325385286420471,119,181,27393
Brandeis99,Adamic/Adar,0.2,400,0.415,0.006033730735678976,0.006033730735678976,166,234,27346
Carnegie49,CommonNeighbors,0.05,50,0.56,0.002240537729054973,0.002240537729054973,28,22,12469
Carnegie49,CommonNeighbors,0.05,100,0.45,0.003600864207409778,0.003600864207409778,45,55,12452
Carnegie49,CommonNeighbors,0.05,200,0.42,0.006721613187164919,0.006721613187164919,84,116,12413
Carnegie49,CommonNeighbors,0.05,300,0.37666666666666665,0.009042170120828998,0.009042170120828998,113,187,12384
Carnegie49,CommonNeighbors,0.05,400,0.355,0.011362727054493078,0.011362727054493078,142,258,12355
Carnegie49,Jaccard,0.05,50,0.16,0.0006401536368728495,0.0006401536368728495,8,42,12489
Carnegie49,Jaccard,0.05,100,0.15,0.0012002880691365928,0.0012002880691365928,15,85,12482
Carnegie49,Jaccard,0.05,200,0.255,0.004080979435064415,0.004080979435064415,51,149,12446
Carnegie49,Jaccard,0.05,300,0.29,0.006961670800992238,0.006961670800992238,87,213,12410
Carnegie49,Jaccard,0.05,400,0.29,0.009282227734656317,0.009282227734656317,116,284,12381
Carnegie49,Adamic/Adar,0.05,50,0.56,0.002240537729054973,0.002240537729054973,28,22,12469
Carnegie49,Adamic/Adar,0.05,100,0.48,0.0038409218212370967,0.0038409218212370967,48,52,12449
Carnegie49,Adamic/Adar,0.05,200,0.405,0.006481555573337601,0.006481555573337601,81,119,12416
Carnegie49,Adamic/Adar,0.05,300,0.42333333333333334,0.010162438985356485,0.010162438985356485,127,173,12370
Carnegie49,Adamic/Adar,0.05,400,0.385,0.012322957509802352,0.012322957509802352,154,246,12343
Carnegie49,CommonNeighbors,0.1,50,0.66,0.0013202640528105622,0.0013202640528105622,33,17,24962
Carnegie49,CommonNeighbors,0.1,100,0.68,0.002720544108821764,0.002720544108821764,68,32,24927
Carnegie49,CommonNeighbors,0.1,200,0.55,0.004400880176035207,0.004400880176035207,110,90,24885
Carnegie49,CommonNeighbors,0.1,300,0.55,0.006601320264052811,0.006601320264052811,165,135,24830
Carnegie49,CommonNeighbors,0.1,400,0.5375,0.008601720344068814,0.008601720344068814,215,185,24780
Carnegie49,Jaccard,0.1,50,0.2,0.00040008001600320064,0.00040008001600320064,10,40,24985
Carnegie49,Jaccard,0.1,100,0.21,0.0008401680336067213,0.0008401680336067213,21,79,24974
Carnegie49,Jaccard,0.1,200,0.34,0.002720544108821764,0.002720544108821764,68,132,24927
Carnegie49,Jaccard,0.1,300,0.43666666666666665,0.005241048209641929,0.005241048209641929,131,169,24864
Carnegie49,Jaccard,0.1,400,0.46,0.007361472294458892,0.007361472294458892,184,216,24811
Carnegie49,Adamic/Adar,0.1,50,0.66,0.0013202640528105622,0.0013202640528105622,33,17,24962
Carnegie49,Adamic/Adar,0.1,100,0.67,0.0026805361072214443,0.0026805361072214443,67,33,24928
Carnegie49,Adamic/Adar,0.1,200,0.595,0.004760952190438088,0.004760952190438088,119,81,24876
Carnegie49,Adamic/Adar,0.1,300,0.57,0.006841368273654731,0.006841368273654731,171,129,24824
Carnegie49,Adamic/Adar,0.1,400,0.5775,0.009241848369673934,0.009241848369673934,231,169,24764
Carnegie49,CommonNeighbors,0.15,50,0.72,0.0009601792334569119,0.0009601792334569119,36,14,37457
Carnegie49,CommonNeighbors,0.15,100,0.74,0.00197370175766143,0.00197370175766143,74,26,37419
Carnegie49,CommonNeighbors,0.15,200,0.675,0.0036006721254634197,0.0036006721254634197,135,65,37358
Carnegie49,CommonNeighbors,0.15,300,0.63,0.005040940975648788,0.005040940975648788,189,111,37304
Carnegie49,CommonNeighbors,0.15,400,0.625,0.006667911343450778,0.006667911343450778,250,150,37243
Carnegie49,Jaccard,0.15,50,0.18,0.00024004480836422798,0.00024004480836422798,9,41,37484
Carnegie49,Jaccard,0.15,100,0.21,0.0005601045528498654,0.0005601045528498654,21,79,37472
Carnegie49,Jaccard,0.15,200,0.36,0.0019203584669138238,0.0019203584669138238,72,128,37421
Carnegie49,Jaccard,0.15,300,0.46,0.003680687061584829,0.003680687061584829,138,162,37355
Carnegie49,Jaccard,0.15,400,0.515,0.0054943589470034405,0.0054943589470034405,206,194,37287
Carnegie49,Adamic/Adar,0.15,50,0.72,0.0009601792334569119,0.0009601792334569119,36,14,37457
Carnegie49,Adamic/Adar,0.15,100,0.74,0.00197370175766143,0.00197370175766143,74,26,37419
Carnegie49,Adamic/Adar,0.15,200,0.71,0.0037873736430800416,0.0037873736430800416,142,58,37351
Carnegie49,Adamic/Adar,0.15,300,0.6566666666666666,0.0052543141386392125,0.0052543141386392125,197,103,37296
Carnegie49,Adamic/Adar,0.15,400,0.6325,0.006747926279572187,0.006747926279572187,253,147,37240
Carnegie49,CommonNeighbors,0.2,50,0.7,0.0007001260226840832,0.0007001260226840832,35,15,49956
Carnegie49,CommonNeighbors,0.2,100,0.76,0.0015202736492568663,0.0015202736492568663,76,24,49915
Carnegie49,CommonNeighbors,0.2,200,0.715,0.0028605148926806826,0.0028605148926806826,143,57,49848
Carnegie49,CommonNeighbors,0.2,300,0.6766666666666666,0.004060730931567683,0.004060730931567683,203,97,49788
Carnegie49,CommonNeighbors,0.2,400,0.665,0.005320957772399032,0.005320957772399032,266,134,49725
Carnegie49,Jaccard,0.2,50,0.16,0.0001600288051849333,0.0001600288051849333,8,42,49983
Carnegie49,Jaccard,0.2,100,0.18,0.0003600648116660999,0.0003600648116660999,18,82,49973
Carnegie49,Jaccard,0.2,200,0.38,0.0015202736492568663,0.0015202736492568663,76,124,49915
Carnegie49,Jaccard,0.2,300,0.45,0.002700486087495749,0.002700486087495749,135,165,49856
Carnegie49,Jaccard,0.2,400,0.44,0.003520633714068532,0.003520633714068532,176,224,49815
Carnegie49,Adamic/Adar,0.2,50,0.72,0.0007201296233321998,0.0007201296233321998,36,14,49955
Carnegie49,Adamic/Adar,0.2,100,0.74,0.0014802664479606328,0.0014802664479606328,74,26,49917
Carnegie49,Adamic/Adar,0.2,200,0.72,0.002880518493328799,0.002880518493328799,144,56,49847
Carnegie49,Adamic/Adar,0.2,300,0.6966666666666667,0.004180752535456382,0.004180752535456382,209,91,49782
Carnegie49,Adamic/Adar,0.2,400,0.675,0.005400972174991498,0.005400972174991498,270,130,49721
Lehigh96,CommonNeighbors,0.05,50,0.44,0.0022184128264596146,0.0022184128264596146,22,28,9895
Lehigh96,CommonNeighbors,0.05,100,0.34,0.0034284561863466775,0.0034284561863466775,34,66,9883
Lehigh96,CommonNeighbors,0.05,200,0.3,0.006050216799435313,0.006050216799435313,60,140,9857
Lehigh96,CommonNeighbors,0.05,300,0.29,0.008772814359181204,0.008772814359181204,87,213,9830
Lehigh96,CommonNeighbors,0.05,400,0.28,0.011293738025612584,0.011293738025612584,112,288,9805
Lehigh96,Jaccard,0.05,50,0.26,0.0013108803065443179,0.0013108803065443179,13,37,9904
Lehigh96,Jaccard,0.05,100,0.33,0.0033276192396894224,0.0033276192396894224,33,67,9884
Lehigh96,Jaccard,0.05,200,0.345,0.00695774931935061,0.00695774931935061,69,131,9848
Lehigh96,Jaccard,0.05,300,0.3,0.009075325199152969,0.009075325199152969,90,210,9827
Lehigh96,Jaccard,0.05,400,0.285,0.011495411918927095,0.011495411918927095,114,286,9803
Lehigh96,Adamic/Adar,0.05,50,0.36,0.001815065039830594,0.001815065039830594,18,32,9899
Lehigh96,Adamic/Adar,0.05,100,0.3,0.0030251083997176564,0.0030251083997176564,30,70,9887
Lehigh96,Adamic/Adar,0.05,200,0.285,0.005747705959463547,0.005747705959463547,57,143,9860
Lehigh96,Adamic/Adar,0.05,300,0.2733333333333333,0.008268629625894927,0.008268629625894927,82,218,9835
Lehigh96,Adamic/Adar,0.05,400,0.2825,0.01139457497226984,0.01139457497226984,113,287,9804
Lehigh96,CommonNeighbors,0.1,50,0.54,0.0013612987798729455,0.0013612987798729455,27,23,19807
Lehigh96,CommonNeighbors,0.1,100,0.52,0.0026217606130886357,0.0026217606130886357,52,48,19782
Lehigh96,CommonNeighbors,0.1,200,0.475,0.004789754966219623,0.004789754966219623,95,105,19739
Lehigh96,CommonNeighbors,0.1,300,0.45666666666666667,0.006907330846021982,0.006907330846021982,137,163,19697
Lehigh96,CommonNeighbors,0.1,400,0.4275,0.008621558939195322,0.008621558939195322,171,229,19663
Lehigh96,Jaccard,0.1,50,0.32,0.0008066955732580418,0.0008066955732580418,16,34,19818
Lehigh96,Jaccard,0.1,100,0.4,0.0020167389331451043,0.0020167389331451043,40,60,19794
Lehigh96,Jaccard,0.1,200,0.47,0.004739336492890996,0.004739336492890996,94,106,19740
Lehigh96,Jaccard,0.1,300,0.41,0.006201472219421196,0.006201472219421196,123,177,19711
Lehigh96,Jaccard,0.1,400,0.4025,0.008117374205909045,0.008117374205909045,161,239,19673
Lehigh96,Adamic/Adar,0.1,50,0.52,0.0013108803065443179,0.0013108803065443179,26,24,19808
Lehigh96,Adamic/Adar,0.1,100,0.51,0.002571342139760008,0.002571342139760008,51,49,19783
Lehigh96,Adamic/Adar,0.1,200,0.455,0.004588081072905112,0.004588081072905112,91,109,19743
Lehigh96,Adamic/Adar,0.1,300,0.43333333333333335,0.0065544015327215896,0.0065544015327215896,130,170,19704
Lehigh96,Adamic/Adar,0.1,400,0.4075,0.0082182111525663,0.0082182111525663,163,237,19671
Lehigh96,CommonNeighbors,0.15,50,0.68,0.0011428187287822258,0.0011428187287822258,34,16,29717
Lehigh96,CommonNeighbors,0.15,100,0.62,0.0020839635642499413,0.0020839635642499413,62,38,29689
Lehigh96,CommonNeighbors,0.15,200,0.575,0.0038654162885281168,0.0038654162885281168,115,85,29636
Lehigh96,CommonNeighbors,0.15,300,0.5533333333333333,0.005579644381701455,0.005579644381701455,166,134,29585
Lehigh96,CommonNeighbors,0.15,400,0.5325,0.007159423212665121,0.007159423212665121,213,187,29538
Lehigh96,Jaccard,0.15,50,0.3,0.0005041847332862761,0.0005041847332862761,15,35,29736
Lehigh96,Jaccard,0.15,100,0.48,0.0016133911465160836,0.0016133911465160836,48,52,29703
Lehigh96,Jaccard,0.15,200,0.515,0.0034620685018990956,0.0034620685018990956,103,97,29648
Lehigh96,Jaccard,0.15,300,0.4766666666666667,0.004806561123995832,0.004806561123995832,143,157,29608
Lehigh96,Jaccard,0.15,400,0.5025,0.0067560754260361,0.0067560754260361,201,199,29550
Lehigh96,Adamic/Adar,0.15,50,0.64,0.001075594097677389,0.001075594097677389,32,18,29719
Lehigh96,Adamic/Adar,0.15,100,0.61,0.002050351248697523,0.002050351248697523,61,39,29690
Lehigh96,Adamic/Adar,0.15,200,0.555,0.003730967026318443,0.003730967026318443,111,89,29640
Lehigh96,Adamic/Adar,0.15,300,0.52,0.0052435212261772715,0.0052435212261772715,156,144,29595
Lehigh96,Adamic/Adar,0.15,400,0.5075,0.006823300057140936,0.006823300057140936,203,197,29548
Lehigh96,CommonNeighbors,0.2,50,0.6,0.0007562580352416244,0.0007562580352416244,30,20,39639
Lehigh96,CommonNeighbors,0.2,100,0.64,0.001613350475182132,0.001613350475182132,64,36,39605
Lehigh96,CommonNeighbors,0.2,200,0.615,0.0031006579444906603,0.0031006579444906603,123,77,39546
Lehigh96,CommonNeighbors,0.2,300,0.61,0.004613174014973909,0.004613174014973909,183,117,39486
Lehigh96,CommonNeighbors,0.2,400,0.5775,0.005823186871360508,0.005823186871360508,231,169,39438
Lehigh96,Jaccard,0.2,50,0.4,0.0005041720234944163,0.0005041720234944163,20,30,39649
Lehigh96,Jaccard,0.2,100,0.41,0.0010335526481635535,0.0010335526481635535,41,59,39628
Lehigh96,Jaccard,0.2,200,0.445,0.0022435655045501524,0.0022435655045501524,89,111,39580
Lehigh96,Jaccard,0.2,300,0.49666666666666665,0.003756081575033401,0.003756081575033401,149,151,39520
Lehigh96,Jaccard,0.2,400,0.5275,0.005319014847866092,0.005319014847866092,211,189,39458
Lehigh96,Adamic/Adar,0.2,50,0.62,0.0007814666364163453,0.0007814666364163453,31,19,39638
Lehigh96,Adamic/Adar,0.2,100,0.62,0.0015629332728326905,0.0015629332728326905,62,38,39607
Lehigh96,Adamic/Adar,0.2,200,0.6,0.0030250321409664976,0.0030250321409664976,120,80,39549
Lehigh96,Adamic/Adar,0.2,300,0.58,0.004386296604401422,0.004386296604401422,174,126,39495
Lehigh96,Adamic/Adar,0.2,400,0.55,0.005545892258438579,0.005545892258438579,220,180,39449
